cluster,Fresh,Milk,Grocery,Frozen,Detergents_Paper,Delicassen
0,5474.926605504587,10194.19266055046,15587.80733944954,1464.3853211009175,6734.642201834862,1642.4587155963302
1,40136.857142857145,19452.14285714286,15026.285714285714,23713.714285714286,2374.1428571428573,15735.142857142857
2,15964.9,34708.5,48536.9,3054.6,24875.2,2942.8
3,13511.964968152866,3044.394904458599,3850.12101910828,3170.3503184713377,854.8089171974523,1122.1050955414012
